8470403168;np_teszt.xlsx
1111111111;np_teszt.xlsx
8451441513;np_teszt.xlsx
8427102364;np_teszt.xlsx
8399513814;np_teszt.xlsx
8433840320;np_teszt.xlsx
8422871416;np_teszt.xlsx
8458363844;np_teszt.xlsx
8437361664;np_teszt.xlsx
8360760632;np_teszt.xlsx
8451324509;np_teszt.xlsx
8368942748;np_teszt.xlsx
8418752394;np_teszt.xlsx
8442983112;np_teszt.xlsx
8408031821;np_teszt.xlsx
8400535464;np_teszt.xlsx
8457461427;rrf_teszt.xlsx
8433500570;rrf_teszt.xlsx
8482470434;rrf_teszt.xlsx
8346442386;rrf_teszt.xlsx
